upstream,source_file,function,parameters,name_present_in_next
qtranslate,qtranslate_core.php,qtrans_init,,False
qtranslate,qtranslate_core.php,qtrans_extractURL,"$url, $host = '', $referer = ''",False
qtranslate,qtranslate_core.php,qtrans_validateBool,"$var, $default",False
qtranslate,qtranslate_core.php,qtrans_loadConfig,,False
qtranslate,qtranslate_core.php,qtrans_saveConfig,,False
qtranslate,qtranslate_core.php,qtrans_updateGettextDatabases,"$force = false, $only_for_language = ''",False
qtranslate,qtranslate_core.php,qtrans_updateTermLibrary,,False
qtranslate,qtranslate_core.php,qtrans_strftime,"$format, $date, $default = '', $before = '', $after = ''",False
qtranslate,qtranslate_core.php,qtrans_dateFromPostForCurrentLanguage,"$old_date, $format ='', $before = '', $after = ''",False
qtranslate,qtranslate_core.php,qtrans_dateModifiedFromPostForCurrentLanguage,"$old_date, $format =''",False
qtranslate,qtranslate_core.php,qtrans_timeFromPostForCurrentLanguage,"$old_date, $format = '', $post = null, $gmt = false",False
qtranslate,qtranslate_core.php,qtrans_timeModifiedFromPostForCurrentLanguage,"$old_date, $format = '', $gmt = false",False
qtranslate,qtranslate_core.php,qtrans_dateFromCommentForCurrentLanguage,"$old_date, $format =''",False
qtranslate,qtranslate_core.php,qtrans_timeFromCommentForCurrentLanguage,"$old_date, $format = '', $gmt = false, $translate = true",False
qtranslate,qtranslate_core.php,qtrans_useTermLib,$obj,True
qtranslate,qtranslate_core.php,qtrans_convertBlogInfoURL,"$url, $what",False
qtranslate,qtranslate_core.php,qtrans_convertURL,"$url='', $lang='', $forceadmin = false",True
qtranslate,qtranslate_core.php,qtrans_split,"$text, $quicktags = true",True
qtranslate,qtranslate_core.php,qtrans_join,$texts,True
qtranslate,qtranslate_core.php,qtrans_disableLanguage,$lang,False
qtranslate,qtranslate_core.php,qtrans_enableLanguage,$lang,False
qtranslate,qtranslate_core.php,qtrans_use,"$lang, $text, $show_available=false",True
qtranslate,qtranslate_core.php,qtrans_showAllSeperated,$text,False
qtranslate,qtranslate_utils.php,qtrans_parseURL,$url,False
qtranslate,qtranslate_utils.php,qtrans_stripSlashesIfNecessary,$str,False
qtranslate,qtranslate_utils.php,qtrans_insertDropDownElement,"$language, $url, $id",False
qtranslate,qtranslate_utils.php,qtrans_getLanguage,,True
qtranslate,qtranslate_utils.php,qtrans_getLanguageName,$lang = '',True
qtranslate,qtranslate_utils.php,qtrans_isEnabled,$lang,False
qtranslate,qtranslate_utils.php,qtrans_startsWith,"$s, $n",False
qtranslate,qtranslate_utils.php,qtrans_getAvailableLanguages,$text,True
qtranslate,qtranslate_utils.php,qtrans_isAvailableIn,"$post_id, $language=''",False
qtranslate,qtranslate_utils.php,qtrans_convertDateFormatToStrftimeFormat,$format,False
qtranslate,qtranslate_utils.php,qtrans_convertFormat,"$format, $default_format",False
qtranslate,qtranslate_utils.php,qtrans_convertDateFormat,$format,False
qtranslate,qtranslate_utils.php,qtrans_convertTimeFormat,$format,False
qtranslate,qtranslate_utils.php,qtrans_formatCommentDateTime,$format,False
qtranslate,qtranslate_utils.php,qtrans_formatPostDateTime,$format,False
qtranslate,qtranslate_utils.php,qtrans_formatPostModifiedDateTime,$format,False
qtranslate,qtranslate_utils.php,qtrans_realURL,$url = '',False
qtranslate,qtranslate_utils.php,qtrans_getSortedLanguages,$reverse = false,True
qtranslate,qtranslate_widget.php,qtrans_generateLanguageSelectCode,"$style='', $id=''",True
qtranslate,qtranslate_widget.php,qtrans_widget_init,,False
qtranslate-x,qtranslate_core.php,qtranxf_init_language,,False
qtranslate-x,qtranslate_core.php,qtranxf_detect_language,&$url_info,False
qtranslate-x,qtranslate_core.php,qtranxf_parse_language_info,"&$url_info, $link=false",False
qtranslate-x,qtranslate_core.php,qtranxf_detect_language_admin,&$url_info,False
qtranslate-x,qtranslate_core.php,qtranxf_detect_language_front,&$url_info,False
qtranslate-x,qtranslate_core.php,qtranxf_setcookie_language,"$lang, $cookie_name, $cookie_path, $cookie_domain = NULL, $secure = false",False
qtranslate-x,qtranslate_core.php,qtranxf_set_language_cookie,$lang,False
qtranslate-x,qtranslate_core.php,qtranxf_get_browser_language,,False
qtranslate-x,qtranslate_core.php,qtranxf_http_negotiate_language,,False
qtranslate-x,qtranslate_core.php,qtranxf_resolveLangCase,"$lang,&$caseredirect",False
qtranslate-x,qtranslate_core.php,qtranxf_load_option_qtrans_compatibility,,False
qtranslate-x,qtranslate_core.php,qtranxf_init,,False
qtranslate-x,qtranslate_core.php,qtranxf_front_header_css_default,,False
qtranslate-x,qtranslate_core.php,qtranxf_flag_location,,False
qtranslate-x,qtranslate_core.php,qtranxf_flag_location_default,,False
qtranslate-x,qtranslate_core.php,qtranxf_load_option_flag_location,$nm,False
qtranslate-x,qtranslate_core.php,qtranxf_validateBool,"$var, $default_value",False
qtranslate-x,qtranslate_core.php,qtranxf_load_option,"$nm, $default_value=null",False
qtranslate-x,qtranslate_core.php,qtranxf_load_option_array,"$nm, $default_value=null",False
qtranslate-x,qtranslate_core.php,qtranxf_load_option_bool," $nm, $default_value=null ",False
qtranslate-x,qtranslate_core.php,qtranxf_load_option_func,"$nm, $opn=null, $func=null",False
qtranslate-x,qtranslate_core.php,qtranxf_is_permalink_structure_query,,False
qtranslate-x,qtranslate_core.php,qtranxf_loadConfig,,False
qtranslate-x,qtranslate_core.php,qtranxf_use_term,"$lang, $obj, $taxonomy",False
qtranslate-x,qtranslate_core.php,qtranxf_useTermLib,$obj,True
qtranslate-x,qtranslate_core.php,qtranxf_ignored_file_type,$path,False
qtranslate-x,qtranslate_core.php,qtranxf_language_neutral_path,$path,False
qtranslate-x,qtranslate_core.php,qtranxf_url_del_language,&$urlinfo,False
qtranslate-x,qtranslate_core.php,qtranxf_url_set_language,"$urlinfo,$lang,$showLanguage",False
qtranslate-x,qtranslate_core.php,qtranxf_get_url_for_language,"$url, $lang, $showLanguage=true",False
qtranslate-x,qtranslate_core.php,qtranxf_convertURL,"$url='', $lang='', $forceadmin = false, $showDefaultLanguage = false",True
qtranslate-x,qtranslate_core.php,qtranxf_convertURLs,"$url, $lang='', $forceadmin = false, $showDefaultLanguage = false",False
qtranslate-x,qtranslate_core.php,qtranxf_get_language_blocks,$text,False
qtranslate-x,qtranslate_core.php,qtranxf_split,$text,True
qtranslate-x,qtranslate_core.php,qtranxf_split_blocks,"$blocks, &$found = array(",False
qtranslate-x,qtranslate_core.php,qtranxf_split_languages,$blocks,False
qtranslate-x,qtranslate_core.php,qtranxf_allthesame,$texts,False
qtranslate-x,qtranslate_core.php,qtranxf_join_c,$texts,True
qtranslate-x,qtranslate_core.php,qtranxf_join_b_no_closing,$texts,False
qtranslate-x,qtranslate_core.php,qtranxf_join_b,$texts,True
qtranslate-x,qtranslate_core.php,qtranxf_join_s,$texts,True
qtranslate-x,qtranslate_core.php,qtranxf_join_byseparator,"$texts,$rx_sep",False
qtranslate-x,qtranslate_core.php,qtranxf_join_byline,$texts,False
qtranslate-x,qtranslate_core.php,qtranxf_use,"$lang, $text, $show_available=false, $show_empty=false",True
qtranslate-x,qtranslate_core.php,qtranxf_use_language,"$lang, $text, $show_available=false, $show_empty=false",False
qtranslate-x,qtranslate_core.php,qtranxf_use_block,"$lang, $blocks, $show_available=false, $show_empty=false",False
qtranslate-x,qtranslate_core.php,qtranxf_use_content,"$lang, $content, $available_langs, $show_available=false, $show_empty=false",False
qtranslate-x,qtranslate_core.php,qtranxf_showAllSeparated,$text,False
qtranslate-x,qtranslate_core.php,qtranxf_add_css,,False
qtranslate-x,qtranslate_core.php,qtranxf_optionFilter,$do='enable',False
qtranslate-x,qtranslate_frontend.php,qtranxf_get_front_page_config,,False
qtranslate-x,qtranslate_frontend.php,qtranxf_wp_head,,False
qtranslate-x,qtranslate_frontend.php,qtranxf_wp_head_meta_generator,,False
qtranslate-x,qtranslate_frontend.php,qtranxf_wp_get_nav_menu_items," $items, $menu, $args ",False
qtranslate-x,qtranslate_frontend.php,qtranxf_add_language_menu_item,"&$items, &$menu_order, &$itemid, $key, $language ",False
qtranslate-x,qtranslate_frontend.php,qtranxf_remove_detached_children,"&$items,&$itemsremoved",False
qtranslate-x,qtranslate_frontend.php,qtranxf_wp_setup_nav_menu_item,$menu_item,False
qtranslate-x,qtranslate_frontend.php,qtranxf_translate_deep,"$value,$lang",False
qtranslate-x,qtranslate_frontend.php,qtranxf_translate_option,"$value, $lang=null",False
qtranslate-x,qtranslate_frontend.php,qtranxf_split_languages_option,"$value, $nm, $lang",False
qtranslate-x,qtranslate_frontend.php,qtranxf_filter_options,,False
qtranslate-x,qtranslate_frontend.php,qtranxf_translate_post,"$post,$lang",False
qtranslate-x,qtranslate_frontend.php,qtranxf_postsFilter,"$posts,&$query",False
qtranslate-x,qtranslate_frontend.php,qtranxf_pre_get_posts, &$query ,False
qtranslate-x,qtranslate_frontend.php,qtranxf_where_clause_translated_posts,"$lang,$table_posts",False
qtranslate-x,qtranslate_frontend.php,qtranxf_excludePages,$pages,False
qtranslate-x,qtranslate_frontend.php,qtranxf_excludeUntranslatedAdjacentPosts,$where,False
qtranslate-x,qtranslate_frontend.php,qtranxf_excludeUntranslatedPosts,"$where,&$query",False
qtranslate-x,qtranslate_frontend.php,qtranxf_excludeUntranslatedPostComments,"$clauses, &$q/*WP_Comment_Query*/",False
qtranslate-x,qtranslate_frontend.php,qtranxf_add_query_language,&$query,False
qtranslate-x,qtranslate_frontend.php,qtranxf_get_attachment_image_attributes,"$attr, $attachment=null, $size=null",False
qtranslate-x,qtranslate_frontend.php,qtranxf_get_attachment_link," $link, $id=null, $size=null, $permalink=null, $icon=null, $text=null ",False
qtranslate-x,qtranslate_frontend.php,qtranxf_home_url,"$url, $path, $orig_scheme, $blog_id",False
qtranslate-x,qtranslate_frontend.php,qtranxf_esc_html,$text,False
qtranslate-x,qtranslate_frontend.php,qtranxf_trim_words," $text, $num_words, $more, $original_text ",False
qtranslate-x,qtranslate_frontend.php,qtranxf_cache_delete_metadata,"$meta_type, $object_id",False
qtranslate-x,qtranslate_frontend.php,qtranxf_translate_metadata,"$meta_type, $original_value, $object_id, $meta_key = '', $single = false",False
qtranslate-x,qtranslate_frontend.php,qtranxf_translate_metadata,"$meta_type, $original_value, $object_id, $meta_key = '', $single = false",False
qtranslate-x,qtranslate_frontend.php,qtranxf_filter_postmeta,"$original_value, $object_id, $meta_key = '', $single = false",False
qtranslate-x,qtranslate_frontend.php,qtranxf_updated_postmeta," $meta_id, $object_id, $meta_key, $meta_value ",False
qtranslate-x,qtranslate_frontend.php,qtranxf_filter_usermeta,"$original_value, $object_id, $meta_key = '', $single = false",False
qtranslate-x,qtranslate_frontend.php,qtranxf_updated_usermeta," $meta_id, $object_id, $meta_key, $meta_value ",False
qtranslate-x,qtranslate_frontend.php,qtranxf_checkCanonical,"$redirect_url, $requested_url",False
qtranslate-x,qtranslate_frontend.php,qtranxf_convertBlogInfoURL,"$url, $what",False
qtranslate-x,qtranslate_frontend.php,qtranxf_pagenum_link,$url,False
qtranslate-x,qtranslate_frontend.php,qtranxf_option_dt_format,$fmt,False
qtranslate-x,qtranslate_frontend.php,qtranxf_date_i18n," $j, $req_format, $i, $gmt ",False
qtranslate-x,qtranslate_frontend.php,qtranxf_add_front_filters,,False
qtranslate-x,qtranslate_options.php,qtranxf_set_default_options,&$ops,False
qtranslate-x,qtranslate_options.php,qtranxf_default_language_name,,False
qtranslate-x,qtranslate_options.php,qtranxf_default_locale,,False
qtranslate-x,qtranslate_options.php,qtranxf_default_locale_html,,False
qtranslate-x,qtranslate_options.php,qtranxf_default_not_available,,False
qtranslate-x,qtranslate_options.php,qtranxf_default_date_format,,False
qtranslate-x,qtranslate_options.php,qtranxf_default_time_format,,False
qtranslate-x,qtranslate_options.php,qtranxf_default_flag,,False
qtranslate-x,qtranslate_options.php,qtranxf_default_windows_locale,,False
qtranslate-x,qtranslate_options.php,qtranxf_language_predefined,$lang,False
qtranslate-x,qtranslate_options.php,qtranxf_language_configured,"$prop,$opn=null",False
qtranslate-x,qtranslate_options.php,qtranxf_load_language_props,,False
qtranslate-x,qtranslate_options.php,qtranxf_load_languages_enabled,,False
qtranslate-x,qtranslate_utils.php,qtranxf_error_log,$msg,False
qtranslate-x,qtranslate_utils.php,qtranxf_add_error,$msg,False
qtranslate-x,qtranslate_utils.php,qtranxf_add_warning,$msg,False
qtranslate-x,qtranslate_utils.php,qtranxf_add_message,$msg,False
qtranslate-x,qtranslate_utils.php,qtranxf_add_admin_notice,"$msg, $kind",False
qtranslate-x,qtranslate_utils.php,qtranxf_translate_wp,$s,False
qtranslate-x,qtranslate_utils.php,qtranxf_translate,$s,False
qtranslate-x,qtranslate_utils.php,qtranxf_plugin_basename,,False
qtranslate-x,qtranslate_utils.php,qtranxf_plugin_dirname,,False
qtranslate-x,qtranslate_utils.php,qtranxf_dir_from_wp_content,$plugin,False
qtranslate-x,qtranslate_utils.php,qtranxf_plugin_dirname_from_wp_content,,False
qtranslate-x,qtranslate_utils.php,qtranxf_parseURL,$url,False
qtranslate-x,qtranslate_utils.php,qtranxf_buildURL,"$urlinfo,$homeinfo",False
qtranslate-x,qtranslate_utils.php,qtranxf_copy_url_info,$urlinfo,False
qtranslate-x,qtranslate_utils.php,qtranxf_get_address_info,$url,False
qtranslate-x,qtranslate_utils.php,qtranxf_get_home_info,,False
qtranslate-x,qtranslate_utils.php,qtranxf_get_site_info,,False
qtranslate-x,qtranslate_utils.php,qtranxf_get_url_info,$url,False
qtranslate-x,qtranslate_utils.php,qtranxf_complete_url_info,&$urlinfo,False
qtranslate-x,qtranslate_utils.php,qtranxf_complete_url_info_path,&$urlinfo,False
qtranslate-x,qtranslate_utils.php,qtranxf_add_query_arg,"&$query, $key_value",False
qtranslate-x,qtranslate_utils.php,qtranxf_del_query_arg,"&$query, $key",False
qtranslate-x,qtranslate_utils.php,qtranxf_sanitize_url,$url,False
qtranslate-x,qtranslate_utils.php,qtranxf_insertDropDownElement,"$language, $url, $id",False
qtranslate-x,qtranslate_utils.php,qtranxf_get_domain_language,$host,False
qtranslate-x,qtranslate_utils.php,qtranxf_external_host_ex,"$host,$homeinfo",False
qtranslate-x,qtranslate_utils.php,qtranxf_external_host,$host,False
qtranslate-x,qtranslate_utils.php,qtranxf_isMultilingual,$str,False
qtranslate-x,qtranslate_utils.php,qtranxf_is_multilingual_deep,$value,False
qtranslate-x,qtranslate_utils.php,qtranxf_getLanguage,,True
qtranslate-x,qtranslate_utils.php,qtranxf_getLanguageDefault,,True
qtranslate-x,qtranslate_utils.php,qtranxf_getLanguageNameNative,$lang = '',True
qtranslate-x,qtranslate_utils.php,qtranxf_getLanguageName,"$lang = '', $locale = null, $native_name = null",True
qtranslate-x,qtranslate_utils.php,qtranxf_isEnabled,$lang,False
qtranslate-x,qtranslate_utils.php,qtranxf_startsWith,"$s, $n",False
qtranslate-x,qtranslate_utils.php,qtranxf_endsWith,"$s, $n",False
qtranslate-x,qtranslate_utils.php,qtranxf_getAvailableLanguages,$text,True
qtranslate-x,qtranslate_utils.php,qtranxf_isAvailableIn,"$post_id, $lang=''",False
qtranslate-x,qtranslate_utils.php,qtranxf_getSortedLanguages,$reverse = false,True
qtranslate-x,qtranslate_utils.php,qtranxf_can_redirect,,False
qtranslate-x,qtranslate_utils.php,qtranxf_post_type,,False
qtranslate-x,qtranslate_utils.php,qtranxf_match_page,"$cfg, $url_path, $url_query, $d",False
qtranslate-x,qtranslate_utils.php,qtranxf_match_post_type,"$cfg_post_type, $post_type",False
qtranslate-x,qtranslate_utils.php,qtranxf_merge_config,"$cfg_all, $cfg",False
qtranslate-x,qtranslate_utils.php,qtranxf_parse_page_config,"$config, $url_path, $url_query",False
qtranslate-x,qtranslate_utils.php,qtranxf_write_config_log,"$config, $sfx='', $url_path=null, $url_query=null, $post_type=null",False
qtranslate-x,qtranslate_utils.php,qtranxf_add_filters,$filters,False
qtranslate-x,qtranslate_utils.php,qtranxf_html_locale,$locale,False
qtranslate-x,qtranslate_utils.php,qtranxf_match_language_locale,$locale,False
qtranslate-x,qtranslate_utils.php,qtranxf_windows_os,,False
qtranslate-x,qtranslate_utils.php,qtranxf_date_strftime_mapping,,False
qtranslate-x,qtranslate_utils.php,qtranxf_convert_date2strftime,$format,False
qtranslate-x,qtranslate_utils.php,qtranxf_convert_strftime2date,$format,False
qtranslate-x,qtranslate_widget.php,qtranxf_generateLanguageSelectCode,$args = array(,True
qtranslate-x,qtranslate_widget.php,qtranxf_widget_init,,False
